﻿<?xml version="1.0" encoding="UTF-8"?>
<citydata>
  <province id="110000" name="北京">
    <city id="110101" name="东城"/>
    <city id="110102" name="西城"/>
    <city id="110103" name="崇文"/>
    <city id="110104" name="宣武"/>
    <city id="110105" name="朝阳"/>
    <city id="110106" name="丰台"/>
    <city id="110107" name="石景山"/>
    <city id="110108" name="海淀"/>
    <city id="110109" name="门头沟"/>
    <city id="110111" name="房山"/>
    <city id="110112" name="通州"/>
    <city id="110113" name="顺义"/>
    <city id="110114" name="昌平"/>
    <city id="110115" name="大兴"/>
    <city id="110116" name="怀柔"/>
    <city id="110117" name="平谷"/>
    <city id="110228" name="密云"/>
    <city id="110229" name="延庆"/>
  </province>
  <province id="120000" name="天津">
    <city id="120101" name="和平"/>
    <city id="120102" name="河东"/>
    <city id="120103" name="河西"/>
    <city id="120104" name="南开"/>
    <city id="120105" name="河北"/>
    <city id="120106" name="红桥"/>
    <city id="120110" name="东丽"/>
    <city id="120111" name="西青"/>
    <city id="120112" name="津南"/>
    <city id="120113" name="北辰"/>
    <city id="120114" name="武清"/>
    <city id="120115" name="宝坻"/>
    <city id="120116" name="滨海"/>
    <city id="120221" name="宁河"/>
    <city id="120223" name="静海"/>
    <city id="120225" name="蓟县"/>
  </province>
  <province id="130000" name="河北">
    <city id="130100" name="石家庄"/>
    <city id="130200" name="唐山"/>
    <city id="130300" name="秦皇岛"/>
    <city id="130400" name="邯郸"/>
    <city id="130500" name="邢台"/>
    <city id="130600" name="保定"/>
    <city id="130700" name="张家口"/>
    <city id="130800" name="承德"/>
    <city id="130900" name="沧州"/>
    <city id="131000" name="廊坊"/>
    <city id="131100" name="衡水"/>
  </province>
  <province id="140000" name="山西">
    <city id="140100" name="太原"/>
    <city id="140200" name="大同"/>
    <city id="140300" name="阳泉"/>
    <city id="140400" name="长治"/>
    <city id="140500" name="晋城"/>
    <city id="140600" name="朔州"/>
    <city id="140700" name="晋中"/>
    <city id="140800" name="运城"/>
    <city id="140900" name="忻州"/>
    <city id="141000" name="临汾"/>
    <city id="141100" name="吕梁"/>
  </province>
  <province id="150000" name="内蒙古">
    <city id="150100" name="呼和浩特"/>
    <city id="150200" name="包头"/>
    <city id="150300" name="乌海"/>
    <city id="150400" name="赤峰"/>
    <city id="150500" name="通辽"/>
    <city id="150600" name="鄂尔多斯"/>
    <city id="150700" name="呼伦贝尔"/>
    <city id="150800" name="巴彦淖尔"/>
    <city id="150900" name="乌兰察布"/>
    <city id="152200" name="兴安盟"/>
    <city id="152500" name="锡林郭勒盟"/>
    <city id="152900" name="阿拉善盟"/>
  </province>
  <province id="210000" name="辽宁">
    <city id="210100" name="沈阳"/>
    <city id="210200" name="大连"/>
    <city id="210300" name="鞍山"/>
    <city id="210400" name="抚顺"/>
    <city id="210500" name="本溪"/>
    <city id="210600" name="丹东"/>
    <city id="210700" name="锦州"/>
    <city id="210800" name="营口"/>
    <city id="210900" name="阜新"/>
    <city id="211000" name="辽阳"/>
    <city id="211100" name="盘锦"/>
    <city id="211200" name="铁岭"/>
    <city id="211300" name="朝阳市"/>
    <city id="211400" name="葫芦岛"/>
  </province>
  <province id="220000" name="吉林">
    <city id="220100" name="长春"/>
    <city id="220200" name="吉林"/>
    <city id="220300" name="四平"/>
    <city id="220400" name="辽源"/>
    <city id="220500" name="通化"/>
    <city id="220600" name="白山"/>
    <city id="220700" name="松原"/>
    <city id="220800" name="白城"/>
    <city id="222400" name="延边"/>
  </province>
  <province id="230000" name="黑龙江">
    <city id="230100" name="哈尔滨"/>
    <city id="230200" name="齐齐哈尔"/>
    <city id="230300" name="鸡西"/>
    <city id="230400" name="鹤岗"/>
    <city id="230500" name="双鸭山"/>
    <city id="230600" name="大庆"/>
    <city id="230700" name="伊春"/>
    <city id="230800" name="佳木斯"/>
    <city id="230900" name="七台河"/>
    <city id="231000" name="牡丹江"/>
    <city id="231100" name="黑河"/>
    <city id="231200" name="绥化"/>
    <city id="232700" name="大兴安岭"/>
  </province>
  <province id="310000" name="上海">
    <city id="310101" name="黄浦"/>
    <city id="310103" name="卢湾"/>
    <city id="310104" name="徐汇"/>
    <city id="310105" name="长宁"/>
    <city id="310106" name="静安"/>
    <city id="310107" name="普陀"/>
    <city id="310108" name="闸北"/>
    <city id="310109" name="虹口"/>
    <city id="310110" name="杨浦"/>
    <city id="310112" name="闵行"/>
    <city id="310113" name="宝山"/>
    <city id="310114" name="嘉定"/>
    <city id="310115" name="浦东"/>
    <city id="310116" name="金山"/>
    <city id="310117" name="松江"/>
    <city id="310118" name="青浦"/>
    <city id="310120" name="奉贤"/>
    <city id="310230" name="崇明"/>
  </province>
  <province id="320000" name="江苏">
    <city id="320100" name="南京"/>
    <city id="320200" name="无锡"/>
    <city id="320300" name="徐州"/>
    <city id="320400" name="常州"/>
    <city id="320500" name="苏州"/>
    <city id="320600" name="南通"/>
    <city id="320700" name="连云港"/>
    <city id="320800" name="淮安"/>
    <city id="320900" name="盐城"/>
    <city id="321000" name="扬州"/>
    <city id="321100" name="镇江"/>
    <city id="321200" name="泰州"/>
    <city id="321300" name="宿迁"/>
  </province>
  <province id="330000" name="浙江">
    <city id="330100" name="杭州"/>
    <city id="330200" name="宁波"/>
    <city id="330300" name="温州"/>
    <city id="330400" name="嘉兴"/>
    <city id="330500" name="湖州"/>
    <city id="330600" name="绍兴"/>
    <city id="330700" name="金华"/>
    <city id="330800" name="衢州"/>
    <city id="330900" name="舟山"/>
    <city id="331000" name="台州"/>
    <city id="331100" name="丽水"/>
  </province>
  <province id="340000" name="安徽">
    <city id="340100" name="合肥"/>
    <city id="340200" name="芜湖"/>
    <city id="340300" name="蚌埠"/>
    <city id="340400" name="淮南"/>
    <city id="340500" name="马鞍山"/>
    <city id="340600" name="淮北"/>
    <city id="340700" name="铜陵"/>
    <city id="340800" name="安庆"/>
    <city id="341000" name="黄山"/>
    <city id="341100" name="滁州"/>
    <city id="341200" name="阜阳"/>
    <city id="341300" name="宿州"/>
    <city id="341400" name="巢湖"/>
    <city id="341500" name="六安"/>
    <city id="341600" name="亳州"/>
    <city id="341700" name="池州"/>
    <city id="341800" name="宣城"/>
  </province>
  <province id="350000" name="福建">
    <city id="350100" name="福州"/>
    <city id="350200" name="厦门"/>
    <city id="350300" name="莆田"/>
    <city id="350400" name="三明"/>
    <city id="350500" name="泉州"/>
    <city id="350600" name="漳州"/>
    <city id="350700" name="南平"/>
    <city id="350800" name="龙岩"/>
    <city id="350900" name="宁德"/>
  </province>
  <province id="360000" name="江西">
    <city id="360100" name="南昌"/>
    <city id="360200" name="景德镇"/>
    <city id="360300" name="萍乡"/>
    <city id="360400" name="九江"/>
    <city id="360500" name="新余"/>
    <city id="360600" name="鹰潭"/>
    <city id="360700" name="赣州"/>
    <city id="360800" name="吉安"/>
    <city id="360900" name="宜春"/>
    <city id="361000" name="抚州"/>
    <city id="361100" name="上饶"/>
  </province>
  <province id="370000" name="山东">
    <city id="370100" name="济南"/>
    <city id="370200" name="青岛"/>
    <city id="370300" name="淄博"/>
    <city id="370400" name="枣庄"/>
    <city id="370500" name="东营"/>
    <city id="370600" name="烟台"/>
    <city id="370700" name="潍坊"/>
    <city id="370800" name="济宁"/>
    <city id="370900" name="泰安"/>
    <city id="371000" name="威海"/>
    <city id="371100" name="日照"/>
    <city id="371200" name="莱芜"/>
    <city id="371300" name="临沂"/>
    <city id="371400" name="德州"/>
    <city id="371500" name="聊城"/>
    <city id="371600" name="滨州"/>
    <city id="371700" name="菏泽"/>
  </province>
  <province id="410000" name="河南">
    <city id="410100" name="郑州"/>
    <city id="410200" name="开封"/>
    <city id="410300" name="洛阳"/>
    <city id="410400" name="平顶山"/>
    <city id="410500" name="安阳"/>
    <city id="410600" name="鹤壁"/>
    <city id="410700" name="新乡"/>
    <city id="410800" name="焦作"/>
    <city id="410900" name="濮阳"/>
    <city id="411000" name="许昌"/>
    <city id="411100" name="漯河"/>
    <city id="411200" name="三门峡"/>
    <city id="411300" name="南阳"/>
    <city id="411400" name="商丘"/>
    <city id="411500" name="信阳"/>
    <city id="411600" name="周口"/>
    <city id="411700" name="驻马店"/>
    <city id="419001" name="济源"/>
  </province>
  <province id="420000" name="湖北">
    <city id="420100" name="武汉"/>
    <city id="420200" name="黄石"/>
    <city id="420300" name="十堰"/>
    <city id="420500" name="宜昌"/>
    <city id="420600" name="襄樊"/>
    <city id="420700" name="鄂州"/>
    <city id="420800" name="荆门"/>
    <city id="420900" name="孝感"/>
    <city id="421000" name="荆州"/>
    <city id="421100" name="黄冈"/>
    <city id="421200" name="咸宁"/>
    <city id="421300" name="随州"/>
    <city id="422800" name="恩施州"/>
    <city id="429004" name="仙桃"/>
    <city id="429005" name="潜江"/>
    <city id="429006" name="天门"/>
    <city id="429021" name="神农架"/>
  </province>
  <province id="430000" name="湖南">
    <city id="430100" name="长沙"/>
    <city id="430200" name="株洲"/>
    <city id="430300" name="湘潭"/>
    <city id="430400" name="衡阳"/>
    <city id="430500" name="邵阳"/>
    <city id="430600" name="岳阳"/>
    <city id="430700" name="常德"/>
    <city id="430800" name="张家界"/>
    <city id="430900" name="益阳"/>
    <city id="431000" name="郴州"/>
    <city id="431100" name="永州"/>
    <city id="431200" name="怀化"/>
    <city id="431300" name="娄底"/>
    <city id="433100" name="湘西州"/>
  </province>
  <province id="440000" name="广东">
    <city id="440100" name="广州"/>
    <city id="440200" name="韶关"/>
    <city id="440300" name="深圳"/>
    <city id="440400" name="珠海"/>
    <city id="440500" name="汕头"/>
    <city id="440600" name="佛山"/>
    <city id="440700" name="江门"/>
    <city id="440800" name="湛江"/>
    <city id="440900" name="茂名"/>
    <city id="441200" name="肇庆"/>
    <city id="441300" name="惠州"/>
    <city id="441400" name="梅州"/>
    <city id="441500" name="汕尾"/>
    <city id="441600" name="河源"/>
    <city id="441700" name="阳江"/>
    <city id="441800" name="清远"/>
    <city id="441900" name="东莞"/>
    <city id="442000" name="中山"/>
    <city id="445100" name="潮州"/>
    <city id="445200" name="揭阳"/>
    <city id="445300" name="云浮"/>
  </province>
  <province id="450000" name="广西">
    <city id="450100" name="南宁"/>
    <city id="450200" name="柳州"/>
    <city id="450300" name="桂林"/>
    <city id="450400" name="梧州"/>
    <city id="450500" name="北海"/>
    <city id="450600" name="防城港"/>
    <city id="450700" name="钦州"/>
    <city id="450800" name="贵港"/>
    <city id="450900" name="玉林"/>
    <city id="451000" name="百色"/>
    <city id="451100" name="贺州"/>
    <city id="451200" name="河池"/>
    <city id="451300" name="来宾"/>
    <city id="451400" name="崇左"/>
  </province>
  <province id="460000" name="海南">
    <city id="460100" name="海口"/>
    <city id="460200" name="三亚"/>
    <city id="469001" name="五指山"/>
    <city id="469002" name="琼海"/>
    <city id="469003" name="儋州"/>
    <city id="469005" name="文昌"/>
    <city id="469006" name="万宁"/>
    <city id="469007" name="东方"/>
    <city id="469021" name="定安"/>
    <city id="469022" name="屯昌"/>
    <city id="469023" name="澄迈"/>
    <city id="469024" name="临高"/>
    <city id="469025" name="白沙"/>
    <city id="469026" name="昌江"/>
    <city id="469027" name="乐东"/>
    <city id="469028" name="陵水"/>
    <city id="469029" name="保亭"/>
    <city id="469030" name="琼中"/>
    <city id="469031" name="西沙群岛"/>
    <city id="469032" name="南沙群岛"/>
    <city id="469033" name="中沙群岛"/>
  </province>
  <province id="500000" name="重庆">
    <city id="500101" name="万州"/>
    <city id="500102" name="涪陵"/>
    <city id="500103" name="渝中"/>
    <city id="500104" name="大渡口"/>
    <city id="500105" name="江北"/>
    <city id="500106" name="沙坪坝"/>
    <city id="500107" name="九龙坡"/>
    <city id="500108" name="南岸"/>
    <city id="500109" name="北碚"/>
    <city id="500110" name="万盛"/>
    <city id="500111" name="双桥"/>
    <city id="500112" name="渝北"/>
    <city id="500113" name="巴南"/>
    <city id="500114" name="黔江"/>
    <city id="500115" name="长寿"/>
    <city id="500116" name="江津"/>
    <city id="500117" name="合川"/>
    <city id="500118" name="永川"/>
    <city id="500119" name="南川"/>
    <city id="500222" name="綦江"/>
    <city id="500223" name="潼南"/>
    <city id="500224" name="铜梁"/>
    <city id="500225" name="大足"/>
    <city id="500226" name="荣昌"/>
    <city id="500227" name="璧山"/>
    <city id="500228" name="梁平"/>
    <city id="500229" name="城口"/>
    <city id="500230" name="丰都"/>
    <city id="500231" name="垫江"/>
    <city id="500232" name="武隆"/>
    <city id="500233" name="忠县"/>
    <city id="500234" name="开县"/>
    <city id="500235" name="云阳"/>
    <city id="500236" name="奉节"/>
    <city id="500237" name="巫山"/>
    <city id="500238" name="巫溪"/>
    <city id="500240" name="石柱"/>
    <city id="500241" name="秀山"/>
    <city id="500242" name="酉阳"/>
    <city id="500243" name="彭水"/>
  </province>
  <province id="510000" name="四川">
    <city id="510100" name="成都"/>
    <city id="510300" name="自贡"/>
    <city id="510400" name="攀枝花"/>
    <city id="510500" name="泸州"/>
    <city id="510600" name="德阳"/>
    <city id="510700" name="绵阳"/>
    <city id="510800" name="广元"/>
    <city id="510900" name="遂宁"/>
    <city id="511000" name="内江"/>
    <city id="511100" name="乐山"/>
    <city id="511300" name="南充"/>
    <city id="511400" name="眉山"/>
    <city id="511500" name="宜宾"/>
    <city id="511600" name="广安"/>
    <city id="511700" name="达州"/>
    <city id="511800" name="雅安"/>
    <city id="511900" name="巴中"/>
    <city id="512000" name="资阳"/>
    <city id="513200" name="阿坝"/>
    <city id="513300" name="甘孜"/>
    <city id="513400" name="凉山"/>
  </province>
  <province id="520000" name="贵州">
    <city id="520100" name="贵阳"/>
    <city id="520200" name="六盘水"/>
    <city id="520300" name="遵义"/>
    <city id="520400" name="安顺"/>
    <city id="522200" name="铜仁"/>
    <city id="522300" name="黔西"/>
    <city id="522400" name="毕节"/>
    <city id="522600" name="黔东"/>
    <city id="522700" name="黔南"/>
  </province>
  <province id="530000" name="云南">
    <city id="530100" name="昆明"/>
    <city id="530300" name="曲靖"/>
    <city id="530400" name="玉溪"/>
    <city id="530500" name="保山"/>
    <city id="530600" name="昭通"/>
    <city id="530700" name="丽江"/>
    <city id="530800" name="普洱"/>
    <city id="530900" name="临沧"/>
    <city id="532300" name="楚雄"/>
    <city id="532500" name="红河"/>
    <city id="532600" name="文山"/>
    <city id="532800" name="西双版纳"/>
    <city id="532900" name="大理"/>
    <city id="533100" name="德宏"/>
    <city id="533300" name="怒江"/>
    <city id="533400" name="迪庆"/>
  </province>
  <province id="540000" name="西藏">
    <city id="540100" name="拉萨"/>
    <city id="542100" name="昌都"/>
    <city id="542200" name="山南"/>
    <city id="542300" name="日喀则"/>
    <city id="542400" name="那曲"/>
    <city id="542500" name="阿里"/>
    <city id="542600" name="林芝"/>
  </province>
  <province id="610000" name="陕西">
    <city id="610100" name="西安"/>
    <city id="610200" name="铜川"/>
    <city id="610300" name="宝鸡"/>
    <city id="610400" name="咸阳"/>
    <city id="610500" name="渭南"/>
    <city id="610600" name="延安"/>
    <city id="610700" name="汉中"/>
    <city id="610800" name="榆林"/>
    <city id="610900" name="安康"/>
    <city id="611000" name="商洛"/>
  </province>
  <province id="620000" name="甘肃">
    <city id="620100" name="兰州"/>
    <city id="620200" name="嘉峪关"/>
    <city id="620300" name="金昌"/>
    <city id="620400" name="白银"/>
    <city id="620500" name="天水"/>
    <city id="620600" name="武威"/>
    <city id="620700" name="张掖"/>
    <city id="620800" name="平凉"/>
    <city id="620900" name="酒泉"/>
    <city id="621000" name="庆阳"/>
    <city id="621100" name="定西"/>
    <city id="621200" name="陇南"/>
    <city id="622900" name="临夏州"/>
    <city id="623000" name="甘南"/>
  </province>
  <province id="630000" name="青海">
    <city id="630100" name="西宁"/>
    <city id="632100" name="海东"/>
    <city id="632200" name="海北"/>
    <city id="632300" name="黄南"/>
    <city id="632500" name="海南"/>
    <city id="632600" name="果洛"/>
    <city id="632700" name="玉树"/>
    <city id="632800" name="海西"/>
  </province>
  <province id="640000" name="宁夏">
    <city id="640100" name="银川"/>
    <city id="640200" name="石嘴山"/>
    <city id="640300" name="吴忠"/>
    <city id="640400" name="固原"/>
    <city id="640500" name="中卫"/>
  </province>
  <province id="650000" name="新疆">
    <city id="650100" name="乌鲁木齐"/>
    <city id="650200" name="克拉玛依"/>
    <city id="652100" name="吐鲁番"/>
    <city id="652200" name="哈密"/>
    <city id="652300" name="昌吉州"/>
    <city id="652700" name="博尔塔拉"/>
    <city id="652800" name="巴音郭楞"/>
    <city id="652900" name="阿克苏"/>
    <city id="653000" name="克孜勒苏柯尔克孜"/>
    <city id="653100" name="喀什"/>
    <city id="653200" name="和田"/>
    <city id="654000" name="伊犁"/>
    <city id="654200" name="塔城"/>
    <city id="654300" name="阿勒泰"/>
    <city id="659001" name="石河子"/>
    <city id="659002" name="阿拉尔"/>
    <city id="659003" name="图木舒克"/>
    <city id="659004" name="五家渠"/>
  </province>
  <province id="710000" name="台湾省">
    <city id="710100" name="台北市"/>
    <city id="710200" name="高雄市"/>
    <city id="710300" name="基隆市"/>
    <city id="710400" name="台中市"/>
    <city id="710500" name="台南市"/>
    <city id="710600" name="新竹市"/>
    <city id="710700" name="嘉义市"/>
    <city id="710800" name="台北县"/>
    <city id="710900" name="宜兰县"/>
    <city id="711000" name="桃园县"/>
    <city id="711100" name="新竹县"/>
    <city id="711200" name="苗栗县"/>
    <city id="711300" name="台中县"/>
    <city id="711400" name="彰化县"/>
    <city id="711500" name="南投县"/>
    <city id="711600" name="云林县"/>
    <city id="711700" name="嘉义县"/>
    <city id="711800" name="台南县"/>
    <city id="711900" name="高雄县"/>
    <city id="712000" name="屏东县"/>
    <city id="712100" name="澎湖县"/>
    <city id="712200" name="台东县"/>
    <city id="712300" name="花莲县"/>
  </province>
  <province id="810000" name="香港特别行政区">
    <city id="810100" name="中西区"/>
    <city id="810200" name="东区"/>
    <city id="810300" name="九龙城区"/>
    <city id="810400" name="观塘区"/>
    <city id="810500" name="南区"/>
    <city id="810600" name="深水埗区"/>
    <city id="810700" name="黄大仙区"/>
    <city id="810800" name="湾仔区"/>
    <city id="810900" name="油尖旺区"/>
    <city id="811000" name="离岛区"/>
    <city id="811100" name="葵青区"/>
    <city id="811200" name="北区"/>
    <city id="811300" name="西贡区"/>
    <city id="811400" name="沙田区"/>
    <city id="811500" name="屯门区"/>
    <city id="811600" name="大埔区"/>
    <city id="811700" name="荃湾区"/>
    <city id="811800" name="元朗区"/>
  </province>
  <province id="820000" name="澳门特别行政区">
    <city id="820100" name="澳门"/>
  </province>
  <province id="990000" name="海外">
    <city id="990100" name="美国"/>
    <city id="990200" name="加拿大"/>
    <city id="990300" name="澳大利亚"/>
    <city id="990400" name="新西兰"/>
    <city id="990500" name="英国"/>
    <city id="990600" name="法国"/>
    <city id="990700" name="德国"/>
    <city id="990800" name="捷克"/>
    <city id="990900" name="荷兰"/>
    <city id="991000" name="瑞士"/>
    <city id="991100" name="希腊"/>
    <city id="991200" name="挪威"/>
    <city id="991300" name="瑞典"/>
    <city id="991400" name="丹麦"/>
    <city id="991500" name="芬兰"/>
    <city id="991600" name="爱尔兰"/>
    <city id="991700" name="奥地利"/>
    <city id="991800" name="意大利"/>
    <city id="991900" name="乌克兰"/>
    <city id="992000" name="俄罗斯"/>
    <city id="992100" name="西班牙"/>
    <city id="992200" name="韩国"/>
    <city id="992300" name="新加坡"/>
    <city id="992400" name="马来西亚"/>
    <city id="992500" name="印度"/>
    <city id="992600" name="泰国"/>
    <city id="992700" name="日本"/>
    <city id="992800" name="巴西"/>
    <city id="992900" name="阿根廷"/>
    <city id="993000" name="南非"/>
    <city id="993100" name="埃及"/>
  </province>
  <province id="0" name="其他">
    <city id="100" name="其他"/>
  </province>
</citydata>